"0","knitr::opts_chunk$set(echo = FALSE)"
"0","#データを読み込む"
"0","library(tidyverse)"
"0","library(gtsummary)"
"0","dat <- read_csv(""data/data.csv"")"
"1","[1mRows: [22m[34m2460[39m [1mColumns: [22m[34m6[39m
"
"1","[36m--[39m [1mColumn specification[22m [36m-----------------------------------[39m
[1mDelimiter:[22m "",""
[32mdbl[39m (6): wpid, id, yr, bmi, sbp, dbp
"
"1","
[36mi[39m Use [38;5;235m[48;5;253m[38;5;235m[48;5;253m`spec()`[48;5;253m[38;5;235m[49m[39m to retrieve the full column specification for this data.
[36mi[39m Specify the column types or set [38;5;235m[48;5;253m[38;5;235m[48;5;253m`show_col_types = FALSE`[48;5;253m[38;5;235m[49m[39m to quiet this message.
"
"0","#読みこんだデータを表にする関数を作成"
"0","make_hyou <- function(.data){"
"0","  .data %>% "
"0","    tbl_summary("
"0","      data = .,"
"0","      by=""yr"","
"0","      include = c(""bmi"",""sbp"",""dbp""),"
"0","      label = list(bmi ~ ""BMI"", "
"0","                   sbp ~ ""収縮期血圧"","
"0","                   dbp ~ ""拡張期血圧"") "
"0","    ) %>% "
"0","    modify_header(list(label~""**検査値**"")) %>%  "
"0","    # 検査値を足しています"
"0","    "
"0","    modify_spanning_header( #この関数で「年度」を足しています"
"0","      list("
"0","        stat_1 ~ ""**年度**"","
"0","        stat_2 ~ ""**年度**"","
"0","        stat_3 ~ ""**年度**"""
"0","      )"
"0","    ) %>% "
"0","    "
"0","    modify_footnote( # この関数でフットノートを日本語にしています"
"0","      list("
"0","        stat_1 ~ ""中央値(IQR)"","
"0","        stat_2 ~ ""中央値(IQR)"","
"0","        stat_3 ~ ""中央値(IQR)"""
"0","      )"
"0","    ) %>% "
"0","    gtsummary::as_flex_table() %>% "
"0","    flextable::fontsize(size=20,part=""all"") %>% "
"0","    flextable::autofit()"
"0","}"
"0",""
"0","# ここで、パワーポイントやワードにgtsummaryの表を出力"
"0","# するには、flextableという形に変換する必要があるので、"
"0","# 関数の中にas_flex_tableをいれておきます。"
"0","# また、デフォルトの表の出力では、フォントサイズが小さいのと、"
"0","# 幅の設定がうまくいかないので、flextableパッケージの"
"0","# fontsize関数でフォントサイズを変更して、"
"0","# autofitで幅を適当に設定してあげます。"
"0",""
